epoch,input_type,metric_name,layer,value
0,train,loss,,4.7265625
0,test,loss,,4.7265625
0,train,accuracy,,0.010377912668885842
0,test,accuracy,,0.007178282432785173
0,general,weights_l2,_module.layers.0.weight,8.173954010009766
0,general,weights_l2,_module.layers.1.weight,8.175383567810059
0,general,weights_l2,_module.layers.2.weight,6.124576091766357
0,general,grad_l2_norm,_module.layers.0.weight,0.0029780652839690447
0,general,grad_l2_norm,_module.layers.1.weight,0.002708889776840806
0,general,grad_l2_norm,_module.layers.2.weight,0.0026978570967912674
0,general,grad_cosine_similarity,_module.layers.0.weight,-0.028857320547103882
0,general,grad_cosine_similarity,_module.layers.1.weight,-0.03171925246715546
0,general,grad_cosine_similarity,_module.layers.2.weight,-0.04251362383365631
0,general,abs_grad_l1_norm,_module.layers.0.weight,0.47853603959083557
0,general,abs_grad_l1_norm,_module.layers.1.weight,0.41425642371177673
0,general,abs_grad_l1_norm,_module.layers.2.weight,0.2870762348175049
0,general,zero_grad_percentage,_module.layers.0.weight,0.0199778750538826
0,general,zero_grad_percentage,_module.layers.1.weight,0.0
0,general,zero_grad_percentage,_module.layers.2.weight,0.0
0,train,zero_terms,,0.0
0,train,softmax_collapse,,0.0
500,train,loss,,1.1826171875
500,test,loss,,9.28125
500,train,accuracy,,0.759545721558645
500,test,accuracy,,0.00013051422605063953
500,general,weights_l2,_module.layers.0.weight,39.633872985839844
500,general,weights_l2,_module.layers.1.weight,40.6018180847168
500,general,weights_l2,_module.layers.2.weight,33.4734992980957
500,general,grad_l2_norm,_module.layers.0.weight,0.09503034502267838
500,general,grad_l2_norm,_module.layers.1.weight,0.053157418966293335
500,general,grad_l2_norm,_module.layers.2.weight,0.09263935685157776
500,general,grad_cosine_similarity,_module.layers.0.weight,-0.2606244683265686
500,general,grad_cosine_similarity,_module.layers.1.weight,-0.4548148810863495
500,general,grad_cosine_similarity,_module.layers.2.weight,-0.31655365228652954
500,general,abs_grad_l1_norm,_module.layers.0.weight,15.430986404418945
500,general,abs_grad_l1_norm,_module.layers.1.weight,8.476543426513672
500,general,abs_grad_l1_norm,_module.layers.2.weight,10.776090621948242
500,general,zero_grad_percentage,_module.layers.0.weight,0.004734513349831104
500,general,zero_grad_percentage,_module.layers.1.weight,0.0
500,general,zero_grad_percentage,_module.layers.2.weight,0.0
500,train,zero_terms,,0.0
500,train,softmax_collapse,,0.0
1000,train,loss,,0.6455078125
1000,test,loss,,23.109375
1000,train,accuracy,,0.8490307421186607
1000,test,accuracy,,0.00026102845210127906
1000,general,weights_l2,_module.layers.0.weight,73.48395538330078
1000,general,weights_l2,_module.layers.1.weight,72.64434051513672
1000,general,weights_l2,_module.layers.2.weight,54.159584045410156
1000,general,grad_l2_norm,_module.layers.0.weight,0.22676189243793488
1000,general,grad_l2_norm,_module.layers.1.weight,0.15960103273391724
1000,general,grad_l2_norm,_module.layers.2.weight,1.5938003063201904
1000,general,grad_cosine_similarity,_module.layers.0.weight,-0.0014928665477782488
1000,general,grad_cosine_similarity,_module.layers.1.weight,-0.0021455897949635983
1000,general,grad_cosine_similarity,_module.layers.2.weight,-0.00028818906866945326
1000,general,abs_grad_l1_norm,_module.layers.0.weight,36.98479461669922
1000,general,abs_grad_l1_norm,_module.layers.1.weight,25.46617889404297
1000,general,abs_grad_l1_norm,_module.layers.2.weight,189.25863647460938
1000,general,zero_grad_percentage,_module.layers.0.weight,0.0
1000,general,zero_grad_percentage,_module.layers.1.weight,0.0
1000,general,zero_grad_percentage,_module.layers.2.weight,0.0
1000,train,zero_terms,,0.0
1000,train,softmax_collapse,,0.08556882292032242
1500,train,loss,,1.8896484375
1500,test,loss,,25.28125
1500,train,accuracy,,0.6191501860191894
1500,test,accuracy,,0.0005220569042025581
1500,general,weights_l2,_module.layers.0.weight,97.76596069335938
1500,general,weights_l2,_module.layers.1.weight,99.79424285888672
1500,general,weights_l2,_module.layers.2.weight,66.17179107666016
1500,general,grad_l2_norm,_module.layers.0.weight,0.35481029748916626
1500,general,grad_l2_norm,_module.layers.1.weight,0.489298015832901
1500,general,grad_l2_norm,_module.layers.2.weight,9.751520156860352
1500,general,grad_cosine_similarity,_module.layers.0.weight,-0.008759752847254276
1500,general,grad_cosine_similarity,_module.layers.1.weight,-0.0062229568138718605
1500,general,grad_cosine_similarity,_module.layers.2.weight,-0.00047090189764276147
1500,general,abs_grad_l1_norm,_module.layers.0.weight,59.60780334472656
1500,general,abs_grad_l1_norm,_module.layers.1.weight,77.13819885253906
1500,general,abs_grad_l1_norm,_module.layers.2.weight,1176.609375
1500,general,zero_grad_percentage,_module.layers.0.weight,0.0
1500,general,zero_grad_percentage,_module.layers.1.weight,0.0
1500,general,zero_grad_percentage,_module.layers.2.weight,0.0
1500,train,zero_terms,,0.0
1500,train,softmax_collapse,,0.007440767250955105
2000,train,loss,,2.337890625
2000,test,loss,,26.625
2000,train,accuracy,,0.5670648130017623
2000,test,accuracy,,0.0005220569042025581
2000,general,weights_l2,_module.layers.0.weight,126.3768310546875
2000,general,weights_l2,_module.layers.1.weight,124.4197998046875
2000,general,weights_l2,_module.layers.2.weight,68.5664291381836
2000,general,grad_l2_norm,_module.layers.0.weight,0.36671921610832214
2000,general,grad_l2_norm,_module.layers.1.weight,1.0467246770858765
2000,general,grad_l2_norm,_module.layers.2.weight,33.85389709472656
2000,general,grad_cosine_similarity,_module.layers.0.weight,-0.03218778222799301
2000,general,grad_cosine_similarity,_module.layers.1.weight,-0.011454343795776367
2000,general,grad_cosine_similarity,_module.layers.2.weight,-0.0006426473846659064
2000,general,abs_grad_l1_norm,_module.layers.0.weight,61.88877487182617
2000,general,abs_grad_l1_norm,_module.layers.1.weight,166.4775848388672
2000,general,abs_grad_l1_norm,_module.layers.2.weight,3781.507080078125
2000,general,zero_grad_percentage,_module.layers.0.weight,0.0
2000,general,zero_grad_percentage,_module.layers.1.weight,0.0
2000,general,zero_grad_percentage,_module.layers.2.weight,0.0
2000,train,zero_terms,,0.0
2000,train,softmax_collapse,,0.010377912782132626
2500,train,loss,,4.33984375
2500,test,loss,,28.484375
2500,train,accuracy,,0.3683179949089485
2500,test,accuracy,,0.00039154267815191856
2500,general,weights_l2,_module.layers.0.weight,163.52842712402344
2500,general,weights_l2,_module.layers.1.weight,148.37648010253906
2500,general,weights_l2,_module.layers.2.weight,70.05369567871094
2500,general,grad_l2_norm,_module.layers.0.weight,0.49053946137428284
2500,general,grad_l2_norm,_module.layers.1.weight,3.5625128746032715
2500,general,grad_l2_norm,_module.layers.2.weight,113.54825592041016
2500,general,grad_cosine_similarity,_module.layers.0.weight,-0.1045990139245987
2500,general,grad_cosine_similarity,_module.layers.1.weight,-0.01587352529168129
2500,general,grad_cosine_similarity,_module.layers.2.weight,-0.001054832711815834
2500,general,abs_grad_l1_norm,_module.layers.0.weight,81.69735717773438
2500,general,abs_grad_l1_norm,_module.layers.1.weight,584.309814453125
2500,general,abs_grad_l1_norm,_module.layers.2.weight,11182.470703125
2500,general,zero_grad_percentage,_module.layers.0.weight,0.0
2500,general,zero_grad_percentage,_module.layers.1.weight,0.0
2500,general,zero_grad_percentage,_module.layers.2.weight,0.0
2500,train,zero_terms,,0.0
2500,train,softmax_collapse,,0.0023497161455452442
3000,train,loss,,5.37890625
3000,test,loss,,30.59375
3000,train,accuracy,,0.33757587624828667
3000,test,accuracy,,0.00013051422605063953
3000,general,weights_l2,_module.layers.0.weight,190.30105590820312
3000,general,weights_l2,_module.layers.1.weight,158.3692626953125
3000,general,weights_l2,_module.layers.2.weight,70.58970642089844
3000,general,grad_l2_norm,_module.layers.0.weight,0.5345331430435181
3000,general,grad_l2_norm,_module.layers.1.weight,6.1096367835998535
3000,general,grad_l2_norm,_module.layers.2.weight,236.95919799804688
3000,general,grad_cosine_similarity,_module.layers.0.weight,-0.04752955585718155
3000,general,grad_cosine_similarity,_module.layers.1.weight,-0.004996815696358681
3000,general,grad_cosine_similarity,_module.layers.2.weight,-0.00028904512873850763
3000,general,abs_grad_l1_norm,_module.layers.0.weight,86.36225891113281
3000,general,abs_grad_l1_norm,_module.layers.1.weight,973.2403564453125
3000,general,abs_grad_l1_norm,_module.layers.2.weight,13529.7314453125
3000,general,zero_grad_percentage,_module.layers.0.weight,0.0003318584058433771
3000,general,zero_grad_percentage,_module.layers.1.weight,0.0
3000,general,zero_grad_percentage,_module.layers.2.weight,0.0
3000,train,zero_terms,,0.0
3000,train,softmax_collapse,,0.12061875313520432
3500,train,loss,,3.568359375
3500,test,loss,,33.0625
3500,train,accuracy,,0.5809672997846094
3500,test,accuracy,,0.00013051422605063953
3500,general,weights_l2,_module.layers.0.weight,194.75872802734375
3500,general,weights_l2,_module.layers.1.weight,159.20309448242188
3500,general,weights_l2,_module.layers.2.weight,70.64300537109375
3500,general,grad_l2_norm,_module.layers.0.weight,0.3321208655834198
3500,general,grad_l2_norm,_module.layers.1.weight,2.663548231124878
3500,general,grad_l2_norm,_module.layers.2.weight,103.4423599243164
3500,general,grad_cosine_similarity,_module.layers.0.weight,-0.07349853962659836
3500,general,grad_cosine_similarity,_module.layers.1.weight,-0.011211397126317024
3500,general,grad_cosine_similarity,_module.layers.2.weight,-0.0006505864439532161
3500,general,abs_grad_l1_norm,_module.layers.0.weight,55.452911376953125
3500,general,abs_grad_l1_norm,_module.layers.1.weight,417.1619873046875
3500,general,abs_grad_l1_norm,_module.layers.2.weight,10681.005859375
3500,general,zero_grad_percentage,_module.layers.0.weight,0.003075221087783575
3500,general,zero_grad_percentage,_module.layers.1.weight,0.0
3500,general,zero_grad_percentage,_module.layers.2.weight,0.0
3500,train,zero_terms,,0.0
3500,train,softmax_collapse,,0.16193459928035736
4000,train,loss,,2.544921875
4000,test,loss,,36.125
4000,train,accuracy,,0.741727041315841
4000,test,accuracy,,0.0
4000,general,weights_l2,_module.layers.0.weight,199.81028747558594
4000,general,weights_l2,_module.layers.1.weight,160.00625610351562
4000,general,weights_l2,_module.layers.2.weight,70.68950653076172
4000,general,grad_l2_norm,_module.layers.0.weight,0.30368566513061523
4000,general,grad_l2_norm,_module.layers.1.weight,2.0995335578918457
4000,general,grad_l2_norm,_module.layers.2.weight,82.95587921142578
4000,general,grad_cosine_similarity,_module.layers.0.weight,-0.0875730812549591
4000,general,grad_cosine_similarity,_module.layers.1.weight,-0.015818050131201744
4000,general,grad_cosine_similarity,_module.layers.2.weight,-0.0009061726159416139
4000,general,abs_grad_l1_norm,_module.layers.0.weight,50.82945251464844
4000,general,abs_grad_l1_norm,_module.layers.1.weight,342.1048278808594
4000,general,abs_grad_l1_norm,_module.layers.2.weight,9766.279296875
4000,general,zero_grad_percentage,_module.layers.0.weight,0.005862831603735685
4000,general,zero_grad_percentage,_module.layers.1.weight,0.0
4000,general,zero_grad_percentage,_module.layers.2.weight,0.0
4000,train,zero_terms,,0.0
4000,train,softmax_collapse,,0.22909730672836304
4500,train,loss,,1.7373046875
4500,test,loss,,38.53125
4500,train,accuracy,,0.8558840806735852
4500,test,accuracy,,0.00013051422605063953
4500,general,weights_l2,_module.layers.0.weight,204.6592559814453
4500,general,weights_l2,_module.layers.1.weight,160.8414764404297
4500,general,weights_l2,_module.layers.2.weight,70.733642578125
4500,general,grad_l2_norm,_module.layers.0.weight,0.30740585923194885
4500,general,grad_l2_norm,_module.layers.1.weight,2.000450372695923
4500,general,grad_l2_norm,_module.layers.2.weight,79.34152221679688
4500,general,grad_cosine_similarity,_module.layers.0.weight,-0.07564521580934525
4500,general,grad_cosine_similarity,_module.layers.1.weight,-0.014791053719818592
4500,general,grad_cosine_similarity,_module.layers.2.weight,-0.0008480038959532976
4500,general,abs_grad_l1_norm,_module.layers.0.weight,51.45207214355469
4500,general,abs_grad_l1_norm,_module.layers.1.weight,320.9991760253906
4500,general,abs_grad_l1_norm,_module.layers.2.weight,8776.78515625
4500,general,zero_grad_percentage,_module.layers.0.weight,0.007787610404193401
4500,general,zero_grad_percentage,_module.layers.1.weight,0.0
4500,general,zero_grad_percentage,_module.layers.2.weight,0.0
4500,train,zero_terms,,0.0
4500,train,softmax_collapse,,0.31290385127067566
5000,train,loss,,1.2314453125
5000,test,loss,,41.375
5000,train,accuracy,,0.9299001370667711
5000,test,accuracy,,0.00013051422605063953
5000,general,weights_l2,_module.layers.0.weight,209.12197875976562
5000,general,weights_l2,_module.layers.1.weight,161.6535186767578
5000,general,weights_l2,_module.layers.2.weight,70.7748031616211
5000,general,grad_l2_norm,_module.layers.0.weight,0.30959317088127136
5000,general,grad_l2_norm,_module.layers.1.weight,2.0471487045288086
5000,general,grad_l2_norm,_module.layers.2.weight,74.82937622070312
5000,general,grad_cosine_similarity,_module.layers.0.weight,-0.06717990338802338
5000,general,grad_cosine_similarity,_module.layers.1.weight,-0.013143041171133518
5000,general,grad_cosine_similarity,_module.layers.2.weight,-0.0008212573593482375
5000,general,abs_grad_l1_norm,_module.layers.0.weight,51.482810974121094
5000,general,abs_grad_l1_norm,_module.layers.1.weight,330.39044189453125
5000,general,abs_grad_l1_norm,_module.layers.2.weight,9148.02734375
5000,general,zero_grad_percentage,_module.layers.0.weight,0.010176991112530231
5000,general,zero_grad_percentage,_module.layers.1.weight,0.0
5000,general,zero_grad_percentage,_module.layers.2.weight,0.0
5000,train,zero_terms,,0.0
5000,train,softmax_collapse,,0.403955340385437
5500,train,loss,,0.8447265625
5500,test,loss,,43.65625
5500,train,accuracy,,0.9665165459173684
5500,test,accuracy,,0.00013051422605063953
5500,general,weights_l2,_module.layers.0.weight,213.0517578125
5500,general,weights_l2,_module.layers.1.weight,162.41053771972656
5500,general,weights_l2,_module.layers.2.weight,70.8129653930664
5500,general,grad_l2_norm,_module.layers.0.weight,0.29952752590179443
5500,general,grad_l2_norm,_module.layers.1.weight,1.967867374420166
5500,general,grad_l2_norm,_module.layers.2.weight,73.13887786865234
5500,general,grad_cosine_similarity,_module.layers.0.weight,-0.05754409357905388
5500,general,grad_cosine_similarity,_module.layers.1.weight,-0.011489803902804852
5500,general,grad_cosine_similarity,_module.layers.2.weight,-0.0007090232102200389
5500,general,abs_grad_l1_norm,_module.layers.0.weight,49.84362030029297
5500,general,abs_grad_l1_norm,_module.layers.1.weight,315.99310302734375
5500,general,abs_grad_l1_norm,_module.layers.2.weight,8019.05126953125
5500,general,zero_grad_percentage,_module.layers.0.weight,0.01287610549479723
5500,general,zero_grad_percentage,_module.layers.1.weight,0.0
5500,general,zero_grad_percentage,_module.layers.2.weight,0.0
5500,train,zero_terms,,0.0013706677109849227
5500,train,softmax_collapse,,0.5034266710281372
6000,train,loss,,0.57275390625
6000,test,loss,,45.9375
6000,train,accuracy,,0.989817897004112
6000,test,accuracy,,0.0
6000,general,weights_l2,_module.layers.0.weight,216.46665954589844
6000,general,weights_l2,_module.layers.1.weight,163.10421752929688
6000,general,weights_l2,_module.layers.2.weight,70.84800720214844
6000,general,grad_l2_norm,_module.layers.0.weight,0.2836014926433563
6000,general,grad_l2_norm,_module.layers.1.weight,1.4477397203445435
6000,general,grad_l2_norm,_module.layers.2.weight,61.77897262573242
6000,general,grad_cosine_similarity,_module.layers.0.weight,-0.05012347549200058
6000,general,grad_cosine_similarity,_module.layers.1.weight,-0.013031218200922012
6000,general,grad_cosine_similarity,_module.layers.2.weight,-0.0007030284032225609
6000,general,abs_grad_l1_norm,_module.layers.0.weight,47.019744873046875
6000,general,abs_grad_l1_norm,_module.layers.1.weight,232.61880493164062
6000,general,abs_grad_l1_norm,_module.layers.2.weight,7755.71923828125
6000,general,zero_grad_percentage,_module.layers.0.weight,0.015575220808386803
6000,general,zero_grad_percentage,_module.layers.1.weight,0.0
6000,general,zero_grad_percentage,_module.layers.2.weight,0.0
6000,train,zero_terms,,0.002349716075974153
6000,train,softmax_collapse,,0.6044644713401794
6500,train,loss,,0.40380859375
6500,test,loss,,47.96875
6500,train,accuracy,,0.997454474251028
6500,test,accuracy,,0.00026102845210127906
6500,general,weights_l2,_module.layers.0.weight,219.34133911132812
6500,general,weights_l2,_module.layers.1.weight,163.7091064453125
6500,general,weights_l2,_module.layers.2.weight,70.87933349609375
6500,general,grad_l2_norm,_module.layers.0.weight,0.2717338800430298
6500,general,grad_l2_norm,_module.layers.1.weight,1.3642367124557495
6500,general,grad_l2_norm,_module.layers.2.weight,55.272254943847656
6500,general,grad_cosine_similarity,_module.layers.0.weight,-0.042541179805994034
6500,general,grad_cosine_similarity,_module.layers.1.weight,-0.011353016830980778
6500,general,grad_cosine_similarity,_module.layers.2.weight,-0.0006472136592492461
6500,general,abs_grad_l1_norm,_module.layers.0.weight,44.717960357666016
6500,general,abs_grad_l1_norm,_module.layers.1.weight,214.36077880859375
6500,general,abs_grad_l1_norm,_module.layers.2.weight,6623.4853515625
6500,general,zero_grad_percentage,_module.layers.0.weight,0.018606195226311684
6500,general,zero_grad_percentage,_module.layers.1.weight,0.0
6500,general,zero_grad_percentage,_module.layers.2.weight,0.0
6500,train,zero_terms,,0.004699432151948306
6500,train,softmax_collapse,,0.6861170530319214
7000,train,loss,,0.2666015625
7000,test,loss,,49.65625
7000,train,accuracy,,0.9996083806540043
7000,test,accuracy,,0.00013051422605063953
7000,general,weights_l2,_module.layers.0.weight,221.7572784423828
7000,general,weights_l2,_module.layers.1.weight,164.23138427734375
7000,general,weights_l2,_module.layers.2.weight,70.9067153930664
7000,general,grad_l2_norm,_module.layers.0.weight,0.2354118525981903
7000,general,grad_l2_norm,_module.layers.1.weight,1.2298426628112793
7000,general,grad_l2_norm,_module.layers.2.weight,49.21446990966797
7000,general,grad_cosine_similarity,_module.layers.0.weight,-0.03575589135289192
7000,general,grad_cosine_similarity,_module.layers.1.weight,-0.009241621010005474
7000,general,grad_cosine_similarity,_module.layers.2.weight,-0.000534902501385659
7000,general,abs_grad_l1_norm,_module.layers.0.weight,38.75813293457031
7000,general,abs_grad_l1_norm,_module.layers.1.weight,194.39691162109375
7000,general,abs_grad_l1_norm,_module.layers.2.weight,5917.42578125
7000,general,zero_grad_percentage,_module.layers.0.weight,0.021592920646071434
7000,general,zero_grad_percentage,_module.layers.1.weight,0.0
7000,general,zero_grad_percentage,_module.layers.2.weight,0.0
7000,train,zero_terms,,0.008811435284903074
7000,train,softmax_collapse,,0.7687487602233887
7500,train,loss,,0.2081298828125
7500,test,loss,,50.96875
7500,train,accuracy,,0.9998041903270022
7500,test,accuracy,,0.00026102845210127906
7500,general,weights_l2,_module.layers.0.weight,223.76609802246094
7500,general,weights_l2,_module.layers.1.weight,164.67266845703125
7500,general,weights_l2,_module.layers.2.weight,70.93091583251953
7500,general,grad_l2_norm,_module.layers.0.weight,0.2208021730184555
7500,general,grad_l2_norm,_module.layers.1.weight,1.2233413457870483
7500,general,grad_l2_norm,_module.layers.2.weight,41.47214126586914
7500,general,grad_cosine_similarity,_module.layers.0.weight,-0.03037126734852791
7500,general,grad_cosine_similarity,_module.layers.1.weight,-0.007448886521160603
7500,general,grad_cosine_similarity,_module.layers.2.weight,-0.0005101137794554234
7500,general,abs_grad_l1_norm,_module.layers.0.weight,35.8604736328125
7500,general,abs_grad_l1_norm,_module.layers.1.weight,198.98049926757812
7500,general,abs_grad_l1_norm,_module.layers.2.weight,4908.234375
7500,general,zero_grad_percentage,_module.layers.0.weight,0.02953539788722992
7500,general,zero_grad_percentage,_module.layers.1.weight,0.0
7500,general,zero_grad_percentage,_module.layers.2.weight,0.0
7500,train,zero_terms,,0.0199725866457803
7500,train,softmax_collapse,,0.8206382989883423
8000,train,loss,,0.15576171875
8000,test,loss,,52.375
8000,train,accuracy,,0.9990209516350108
8000,test,accuracy,,0.00013051422605063953
8000,general,weights_l2,_module.layers.0.weight,225.48123168945312
8000,general,weights_l2,_module.layers.1.weight,165.05845642089844
8000,general,weights_l2,_module.layers.2.weight,70.9529800415039
8000,general,grad_l2_norm,_module.layers.0.weight,0.20727260410785675
8000,general,grad_l2_norm,_module.layers.1.weight,1.1606314182281494
8000,general,grad_l2_norm,_module.layers.2.weight,41.01942443847656
8000,general,grad_cosine_similarity,_module.layers.0.weight,-0.022822724655270576
8000,general,grad_cosine_similarity,_module.layers.1.weight,-0.005567851010710001
8000,general,grad_cosine_similarity,_module.layers.2.weight,-0.00036648850073106587
8000,general,abs_grad_l1_norm,_module.layers.0.weight,33.189701080322266
8000,general,abs_grad_l1_norm,_module.layers.1.weight,188.08334350585938
8000,general,abs_grad_l1_norm,_module.layers.2.weight,4558.74072265625
8000,general,zero_grad_percentage,_module.layers.0.weight,0.031194688752293587
8000,general,zero_grad_percentage,_module.layers.1.weight,0.0
8000,general,zero_grad_percentage,_module.layers.2.weight,0.0
8000,train,zero_terms,,0.03152535735265322
8000,train,softmax_collapse,,0.8631290197372437
8500,train,loss,,0.105712890625
8500,test,loss,,53.53125
8500,train,accuracy,,1.0
8500,test,accuracy,,0.00013051422605063953
8500,general,weights_l2,_module.layers.0.weight,226.9480743408203
8500,general,weights_l2,_module.layers.1.weight,165.3885955810547
8500,general,weights_l2,_module.layers.2.weight,70.97320556640625
8500,general,grad_l2_norm,_module.layers.0.weight,0.18616805970668793
8500,general,grad_l2_norm,_module.layers.1.weight,0.8608774542808533
8500,general,grad_l2_norm,_module.layers.2.weight,31.4062442779541
8500,general,grad_cosine_similarity,_module.layers.0.weight,-0.02031940594315529
8500,general,grad_cosine_similarity,_module.layers.1.weight,-0.006029701326042414
8500,general,grad_cosine_similarity,_module.layers.2.weight,-0.00038515208871103823
8500,general,abs_grad_l1_norm,_module.layers.0.weight,29.521501541137695
8500,general,abs_grad_l1_norm,_module.layers.1.weight,137.86386108398438
8500,general,abs_grad_l1_norm,_module.layers.2.weight,3591.45068359375
8500,general,zero_grad_percentage,_module.layers.0.weight,0.04373893886804581
8500,general,zero_grad_percentage,_module.layers.1.weight,0.0
8500,general,zero_grad_percentage,_module.layers.2.weight,0.0
8500,train,zero_terms,,0.0399451732915606
8500,train,softmax_collapse,,0.8925004601478577
9000,train,loss,,0.07232666015625
9000,test,loss,,54.40625
9000,train,accuracy,,1.0
9000,test,accuracy,,0.00026102845210127906
9000,general,weights_l2,_module.layers.0.weight,228.2691192626953
9000,general,weights_l2,_module.layers.1.weight,165.68565368652344
9000,general,weights_l2,_module.layers.2.weight,70.99337768554688
9000,general,grad_l2_norm,_module.layers.0.weight,0.1481306105852127
9000,general,grad_l2_norm,_module.layers.1.weight,0.7210130095481873
9000,general,grad_l2_norm,_module.layers.2.weight,27.652341842651367
9000,general,grad_cosine_similarity,_module.layers.0.weight,-0.01799372024834156
9000,general,grad_cosine_similarity,_module.layers.1.weight,-0.005093132611364126
9000,general,grad_cosine_similarity,_module.layers.2.weight,-0.0003099294553976506
9000,general,abs_grad_l1_norm,_module.layers.0.weight,23.08251190185547
9000,general,abs_grad_l1_norm,_module.layers.1.weight,116.421630859375
9000,general,abs_grad_l1_norm,_module.layers.2.weight,2735.1689453125
9000,general,zero_grad_percentage,_module.layers.0.weight,0.09252212196588516
9000,general,zero_grad_percentage,_module.layers.1.weight,0.0
9000,general,zero_grad_percentage,_module.layers.2.weight,0.008849557489156723
9000,train,zero_terms,,0.051889563344429214
9000,train,softmax_collapse,,0.9267671704292297
9500,train,loss,,0.036529541015625
9500,test,loss,,55.3125
9500,train,accuracy,,1.0
9500,test,accuracy,,0.00039154267815191856
9500,general,weights_l2,_module.layers.0.weight,229.4029083251953
9500,general,weights_l2,_module.layers.1.weight,165.93927001953125
9500,general,weights_l2,_module.layers.2.weight,71.0116958618164
9500,general,grad_l2_norm,_module.layers.0.weight,0.10917814821004868
9500,general,grad_l2_norm,_module.layers.1.weight,0.38732317090034485
9500,general,grad_l2_norm,_module.layers.2.weight,16.213247299194336
9500,general,grad_cosine_similarity,_module.layers.0.weight,-0.013040184043347836
9500,general,grad_cosine_similarity,_module.layers.1.weight,-0.005081541836261749
9500,general,grad_cosine_similarity,_module.layers.2.weight,-0.0002836727653630078
9500,general,abs_grad_l1_norm,_module.layers.0.weight,15.559488296508789
9500,general,abs_grad_l1_norm,_module.layers.1.weight,61.89153289794922
9500,general,abs_grad_l1_norm,_module.layers.2.weight,1670.813232421875
9500,general,zero_grad_percentage,_module.layers.0.weight,0.22017697989940643
9500,general,zero_grad_percentage,_module.layers.1.weight,0.0
9500,general,zero_grad_percentage,_module.layers.2.weight,0.008849557489156723
9500,train,zero_terms,,0.07636577246915997
9500,train,softmax_collapse,,0.9598590135574341
10000,train,loss,,0.05377197265625
10000,test,loss,,56.28125
10000,train,accuracy,,0.9990209516350108
10000,test,accuracy,,0.00026102845210127906
10000,general,weights_l2,_module.layers.0.weight,230.48072814941406
10000,general,weights_l2,_module.layers.1.weight,166.17706298828125
10000,general,weights_l2,_module.layers.2.weight,71.03158569335938
10000,general,grad_l2_norm,_module.layers.0.weight,0.1238938644528389
10000,general,grad_l2_norm,_module.layers.1.weight,0.6117481589317322
10000,general,grad_l2_norm,_module.layers.2.weight,27.858060836791992
10000,general,grad_cosine_similarity,_module.layers.0.weight,-0.014361104927957058
10000,general,grad_cosine_similarity,_module.layers.1.weight,-0.004033930134028196
10000,general,grad_cosine_similarity,_module.layers.2.weight,-0.00020723885972984135
10000,general,abs_grad_l1_norm,_module.layers.0.weight,18.848146438598633
10000,general,abs_grad_l1_norm,_module.layers.1.weight,99.20943450927734
10000,general,abs_grad_l1_norm,_module.layers.2.weight,2107.83154296875
10000,general,zero_grad_percentage,_module.layers.0.weight,0.13132743537425995
10000,general,zero_grad_percentage,_module.layers.1.weight,0.0
10000,general,zero_grad_percentage,_module.layers.2.weight,0.008849557489156723
10000,train,zero_terms,,0.09418445271196398
10000,train,softmax_collapse,,0.9479146003723145
10500,train,loss,,0.02886962890625
10500,test,loss,,57.03125
10500,train,accuracy,,1.0
10500,test,accuracy,,0.00013051422605063953
10500,general,weights_l2,_module.layers.0.weight,231.45391845703125
10500,general,weights_l2,_module.layers.1.weight,166.3898162841797
10500,general,weights_l2,_module.layers.2.weight,71.05066680908203
10500,general,grad_l2_norm,_module.layers.0.weight,0.10501321405172348
10500,general,grad_l2_norm,_module.layers.1.weight,0.4479564130306244
10500,general,grad_l2_norm,_module.layers.2.weight,18.241594314575195
10500,general,grad_cosine_similarity,_module.layers.0.weight,-0.01036048773676157
10500,general,grad_cosine_similarity,_module.layers.1.weight,-0.003378517460078001
10500,general,grad_cosine_similarity,_module.layers.2.weight,-0.00019429365056566894
10500,general,abs_grad_l1_norm,_module.layers.0.weight,13.9110689163208
10500,general,abs_grad_l1_norm,_module.layers.1.weight,75.04729461669922
10500,general,abs_grad_l1_norm,_module.layers.2.weight,1318.61328125
10500,general,zero_grad_percentage,_module.layers.0.weight,0.32210177183151245
10500,general,zero_grad_percentage,_module.layers.1.weight,0.0
10500,general,zero_grad_percentage,_module.layers.2.weight,0.044247787445783615
10500,train,zero_terms,,0.10299588799686704
10500,train,softmax_collapse,,0.9665165543556213
11000,train,loss,,0.0457763671875
11000,test,loss,,57.96875
11000,train,accuracy,,1.0
11000,test,accuracy,,0.0005220569042025581
11000,general,weights_l2,_module.layers.0.weight,232.33203125
11000,general,weights_l2,_module.layers.1.weight,166.57513427734375
11000,general,weights_l2,_module.layers.2.weight,71.07089233398438
11000,general,grad_l2_norm,_module.layers.0.weight,0.12883400917053223
11000,general,grad_l2_norm,_module.layers.1.weight,0.6928746700286865
11000,general,grad_l2_norm,_module.layers.2.weight,24.330907821655273
11000,general,grad_cosine_similarity,_module.layers.0.weight,-0.012999532744288445
11000,general,grad_cosine_similarity,_module.layers.1.weight,-0.0033713397569954395
11000,general,grad_cosine_similarity,_module.layers.2.weight,-0.0002250176330562681
11000,general,abs_grad_l1_norm,_module.layers.0.weight,18.42007064819336
11000,general,abs_grad_l1_norm,_module.layers.1.weight,115.44610595703125
11000,general,abs_grad_l1_norm,_module.layers.2.weight,1926.453369140625
11000,general,zero_grad_percentage,_module.layers.0.weight,0.2100442498922348
11000,general,zero_grad_percentage,_module.layers.1.weight,0.0
11000,general,zero_grad_percentage,_module.layers.2.weight,0.0
11000,train,zero_terms,,0.11219894262776581
11000,train,softmax_collapse,,0.9526140689849854
11500,train,loss,,0.032012939453125
11500,test,loss,,58.625
11500,train,accuracy,,1.0
11500,test,accuracy,,0.00026102845210127906
11500,general,weights_l2,_module.layers.0.weight,233.1753692626953
11500,general,weights_l2,_module.layers.1.weight,166.75450134277344
11500,general,weights_l2,_module.layers.2.weight,71.08909606933594
11500,general,grad_l2_norm,_module.layers.0.weight,0.11330297589302063
11500,general,grad_l2_norm,_module.layers.1.weight,0.49871039390563965
11500,general,grad_l2_norm,_module.layers.2.weight,19.43313980102539
11500,general,grad_cosine_similarity,_module.layers.0.weight,-0.010300536639988422
11500,general,grad_cosine_similarity,_module.layers.1.weight,-0.0032723366748541594
11500,general,grad_cosine_similarity,_module.layers.2.weight,-0.0001969858567463234
11500,general,abs_grad_l1_norm,_module.layers.0.weight,15.772001266479492
11500,general,abs_grad_l1_norm,_module.layers.1.weight,77.45701599121094
11500,general,abs_grad_l1_norm,_module.layers.2.weight,1572.497802734375
11500,general,zero_grad_percentage,_module.layers.0.weight,0.25068584084510803
11500,general,zero_grad_percentage,_module.layers.1.weight,0.0
11500,general,zero_grad_percentage,_module.layers.2.weight,0.1150442436337471
11500,train,zero_terms,,0.14392010965341687
11500,train,softmax_collapse,,0.9629919528961182
12000,train,loss,,0.03106689453125
12000,test,loss,,59.28125
12000,train,accuracy,,1.0
12000,test,accuracy,,0.00026102845210127906
12000,general,weights_l2,_module.layers.0.weight,233.97744750976562
12000,general,weights_l2,_module.layers.1.weight,166.92388916015625
12000,general,weights_l2,_module.layers.2.weight,71.10993957519531
12000,general,grad_l2_norm,_module.layers.0.weight,0.10103967040777206
12000,general,grad_l2_norm,_module.layers.1.weight,0.5538776516914368
12000,general,grad_l2_norm,_module.layers.2.weight,20.075002670288086
12000,general,grad_cosine_similarity,_module.layers.0.weight,-0.010351510718464851
12000,general,grad_cosine_similarity,_module.layers.1.weight,-0.0026468972209841013
12000,general,grad_cosine_similarity,_module.layers.2.weight,-0.00017142902652267367
12000,general,abs_grad_l1_norm,_module.layers.0.weight,13.740090370178223
12000,general,abs_grad_l1_norm,_module.layers.1.weight,91.91537475585938
12000,general,abs_grad_l1_norm,_module.layers.2.weight,1458.8533935546875
12000,general,zero_grad_percentage,_module.layers.0.weight,0.3063495457172394
12000,general,zero_grad_percentage,_module.layers.1.weight,0.0
12000,general,zero_grad_percentage,_module.layers.2.weight,0.15929202735424042
12000,train,zero_terms,,0.1588016448012532
12000,train,softmax_collapse,,0.9674955606460571
12500,train,loss,,0.01503753662109375
12500,test,loss,,59.8125
12500,train,accuracy,,1.0
12500,test,accuracy,,0.00039154267815191856
12500,general,weights_l2,_module.layers.0.weight,234.68289184570312
12500,general,weights_l2,_module.layers.1.weight,167.06918334960938
12500,general,weights_l2,_module.layers.2.weight,71.13030242919922
12500,general,grad_l2_norm,_module.layers.0.weight,0.07665734738111496
12500,general,grad_l2_norm,_module.layers.1.weight,0.28481000661849976
12500,general,grad_l2_norm,_module.layers.2.weight,9.39775276184082
12500,general,grad_cosine_similarity,_module.layers.0.weight,-0.008003192953765392
12500,general,grad_cosine_similarity,_module.layers.1.weight,-0.003025847254320979
12500,general,grad_cosine_similarity,_module.layers.2.weight,-0.00021538832515943795
12500,general,abs_grad_l1_norm,_module.layers.0.weight,9.217535018920898
12500,general,abs_grad_l1_norm,_module.layers.1.weight,45.3969841003418
12500,general,abs_grad_l1_norm,_module.layers.2.weight,855.051513671875
12500,general,zero_grad_percentage,_module.layers.0.weight,0.4730309545993805
12500,general,zero_grad_percentage,_module.layers.1.weight,0.0
12500,general,zero_grad_percentage,_module.layers.2.weight,0.2654867172241211
12500,train,zero_terms,,0.17642451537105933
12500,train,softmax_collapse,,0.981202244758606
13000,train,loss,,0.0721435546875
13000,test,loss,,60.96875
13000,train,accuracy,,0.9996083806540043
13000,test,accuracy,,0.0006525711302531976
13000,general,weights_l2,_module.layers.0.weight,235.33021545410156
13000,general,weights_l2,_module.layers.1.weight,167.2017364501953
13000,general,weights_l2,_module.layers.2.weight,71.1516342163086
13000,general,grad_l2_norm,_module.layers.0.weight,0.17099416255950928
13000,general,grad_l2_norm,_module.layers.1.weight,1.0232690572738647
13000,general,grad_l2_norm,_module.layers.2.weight,42.21736145019531
13000,general,grad_cosine_similarity,_module.layers.0.weight,-0.012569321319460869
13000,general,grad_cosine_similarity,_module.layers.1.weight,-0.0029562432318925858
13000,general,grad_cosine_similarity,_module.layers.2.weight,-0.0001683813752606511
13000,general,abs_grad_l1_norm,_module.layers.0.weight,26.097713470458984
13000,general,abs_grad_l1_norm,_module.layers.1.weight,166.3235626220703
13000,general,abs_grad_l1_norm,_module.layers.2.weight,3098.197265625
13000,general,zero_grad_percentage,_module.layers.0.weight,0.09752212464809418
13000,general,zero_grad_percentage,_module.layers.1.weight,0.0
13000,general,zero_grad_percentage,_module.layers.2.weight,0.0
13000,train,zero_terms,,0.16917955747013902
13000,train,softmax_collapse,,0.9306833744049072
13500,train,loss,,0.185302734375
13500,test,loss,,61.9375
13500,train,accuracy,,0.9896220873311141
13500,test,accuracy,,0.0007830853563038371
13500,general,weights_l2,_module.layers.0.weight,235.96490478515625
13500,general,weights_l2,_module.layers.1.weight,167.3343963623047
13500,general,weights_l2,_module.layers.2.weight,71.17229461669922
13500,general,grad_l2_norm,_module.layers.0.weight,0.2028009444475174
13500,general,grad_l2_norm,_module.layers.1.weight,1.2914113998413086
13500,general,grad_l2_norm,_module.layers.2.weight,54.85980987548828
13500,general,grad_cosine_similarity,_module.layers.0.weight,-0.011839518323540688
13500,general,grad_cosine_similarity,_module.layers.1.weight,-0.002621811581775546
13500,general,grad_cosine_similarity,_module.layers.2.weight,-0.0001451060816179961
13500,general,abs_grad_l1_norm,_module.layers.0.weight,31.8306884765625
13500,general,abs_grad_l1_norm,_module.layers.1.weight,209.46185302734375
13500,general,abs_grad_l1_norm,_module.layers.2.weight,4458.5654296875
13500,general,zero_grad_percentage,_module.layers.0.weight,0.07081858068704605
13500,general,zero_grad_percentage,_module.layers.1.weight,0.0
13500,general,zero_grad_percentage,_module.layers.2.weight,0.0
13500,train,zero_terms,,0.15782259643626395
13500,train,softmax_collapse,,0.9077736139297485
14000,train,loss,,0.048797607421875
14000,test,loss,,62.15625
14000,train,accuracy,,1.0
14000,test,accuracy,,0.0005220569042025581
14000,general,weights_l2,_module.layers.0.weight,236.57594299316406
14000,general,weights_l2,_module.layers.1.weight,167.4547119140625
14000,general,weights_l2,_module.layers.2.weight,71.19444274902344
14000,general,grad_l2_norm,_module.layers.0.weight,0.15300403535366058
14000,general,grad_l2_norm,_module.layers.1.weight,0.9206277132034302
14000,general,grad_l2_norm,_module.layers.2.weight,34.67906188964844
14000,general,grad_cosine_similarity,_module.layers.0.weight,-0.010235617868602276
14000,general,grad_cosine_similarity,_module.layers.1.weight,-0.0024032897781580687
14000,general,grad_cosine_similarity,_module.layers.2.weight,-0.00015006207104306668
14000,general,abs_grad_l1_norm,_module.layers.0.weight,22.77237319946289
14000,general,abs_grad_l1_norm,_module.layers.1.weight,146.64747619628906
14000,general,abs_grad_l1_norm,_module.layers.2.weight,2654.7841796875
14000,general,zero_grad_percentage,_module.layers.0.weight,0.1210176944732666
14000,general,zero_grad_percentage,_module.layers.1.weight,0.0
14000,general,zero_grad_percentage,_module.layers.2.weight,0.044247787445783615
14000,train,zero_terms,,0.19404738594086549
14000,train,softmax_collapse,,0.9414528608322144
14500,train,loss,,0.0021953582763671875
14500,test,loss,,62.1875
14500,train,accuracy,,1.0
14500,test,accuracy,,0.00039154267815191856
14500,general,weights_l2,_module.layers.0.weight,237.17098999023438
14500,general,weights_l2,_module.layers.1.weight,167.57681274414062
14500,general,weights_l2,_module.layers.2.weight,71.21619415283203
14500,general,grad_l2_norm,_module.layers.0.weight,0.030049821361899376
14500,general,grad_l2_norm,_module.layers.1.weight,0.07642542570829391
14500,general,grad_l2_norm,_module.layers.2.weight,2.812067985534668
14500,general,grad_cosine_similarity,_module.layers.0.weight,-0.003016280010342598
14500,general,grad_cosine_similarity,_module.layers.1.weight,-0.0016785075422376394
14500,general,grad_cosine_similarity,_module.layers.2.weight,-0.00010734294482972473
14500,general,abs_grad_l1_norm,_module.layers.0.weight,1.6251351833343506
14500,general,abs_grad_l1_norm,_module.layers.1.weight,12.046323776245117
14500,general,abs_grad_l1_norm,_module.layers.2.weight,139.18951416015625
14500,general,zero_grad_percentage,_module.layers.0.weight,0.8958407044410706
14500,general,zero_grad_percentage,_module.layers.1.weight,0.0
14500,general,zero_grad_percentage,_module.layers.2.weight,0.8230088353157043
14500,train,zero_terms,,0.2569022909731741
14500,train,softmax_collapse,,0.9970628619194031
15000,train,loss,,0.0007023811340332031
15000,test,loss,,62.40625
15000,train,accuracy,,1.0
15000,test,accuracy,,0.0005220569042025581
15000,general,weights_l2,_module.layers.0.weight,237.68246459960938
15000,general,weights_l2,_module.layers.1.weight,167.6792449951172
15000,general,weights_l2,_module.layers.2.weight,71.23705291748047
15000,general,grad_l2_norm,_module.layers.0.weight,0.015200546942651272
15000,general,grad_l2_norm,_module.layers.1.weight,0.030259745195508003
15000,general,grad_l2_norm,_module.layers.2.weight,1.1116386651992798
15000,general,grad_cosine_similarity,_module.layers.0.weight,-0.001911303261294961
15000,general,grad_cosine_similarity,_module.layers.1.weight,-0.0013609494781121612
15000,general,grad_cosine_similarity,_module.layers.2.weight,-8.720063487999141e-05
15000,general,abs_grad_l1_norm,_module.layers.0.weight,0.4542187750339508
15000,general,abs_grad_l1_norm,_module.layers.1.weight,4.683163642883301
15000,general,abs_grad_l1_norm,_module.layers.2.weight,41.26343536376953
15000,general,zero_grad_percentage,_module.layers.0.weight,0.9696017503738403
15000,general,zero_grad_percentage,_module.layers.1.weight,0.0
15000,general,zero_grad_percentage,_module.layers.2.weight,0.9292035102844238
15000,train,zero_terms,,0.28470726453886824
15000,train,softmax_collapse,,0.9992167353630066
15500,train,loss,,0.0035190582275390625
15500,test,loss,,63.1875
15500,train,accuracy,,1.0
15500,test,accuracy,,0.0007830853563038371
15500,general,weights_l2,_module.layers.0.weight,238.21572875976562
15500,general,weights_l2,_module.layers.1.weight,167.78102111816406
15500,general,weights_l2,_module.layers.2.weight,71.26126861572266
15500,general,grad_l2_norm,_module.layers.0.weight,0.039575640112161636
15500,general,grad_l2_norm,_module.layers.1.weight,0.11920728534460068
15500,general,grad_l2_norm,_module.layers.2.weight,4.465366363525391
15500,general,grad_cosine_similarity,_module.layers.0.weight,-0.0033909312915056944
15500,general,grad_cosine_similarity,_module.layers.1.weight,-0.0015983486082404852
15500,general,grad_cosine_similarity,_module.layers.2.weight,-0.00010046306124422699
15500,general,abs_grad_l1_norm,_module.layers.0.weight,2.617229461669922
15500,general,abs_grad_l1_norm,_module.layers.1.weight,18.904102325439453
15500,general,abs_grad_l1_norm,_module.layers.2.weight,209.283203125
15500,general,zero_grad_percentage,_module.layers.0.weight,0.8406415581703186
15500,general,zero_grad_percentage,_module.layers.1.weight,0.0
15500,general,zero_grad_percentage,_module.layers.2.weight,0.7610619068145752
15500,train,zero_terms,,0.2821617387898962
15500,train,softmax_collapse,,0.9958879947662354
16000,train,loss,,0.00138092041015625
16000,test,loss,,63.5625
16000,train,accuracy,,1.0
16000,test,accuracy,,0.0010441138084051162
16000,general,weights_l2,_module.layers.0.weight,238.66883850097656
16000,general,weights_l2,_module.layers.1.weight,167.86500549316406
16000,general,weights_l2,_module.layers.2.weight,71.28429412841797
16000,general,grad_l2_norm,_module.layers.0.weight,0.022505752742290497
16000,general,grad_l2_norm,_module.layers.1.weight,0.06143352389335632
16000,general,grad_l2_norm,_module.layers.2.weight,2.261138916015625
16000,general,grad_cosine_similarity,_module.layers.0.weight,-0.002383720362558961
16000,general,grad_cosine_similarity,_module.layers.1.weight,-0.0012415918754413724
16000,general,grad_cosine_similarity,_module.layers.2.weight,-7.943677337607369e-05
16000,general,abs_grad_l1_norm,_module.layers.0.weight,0.9433750510215759
16000,general,abs_grad_l1_norm,_module.layers.1.weight,10.036820411682129
16000,general,abs_grad_l1_norm,_module.layers.2.weight,81.58499145507812
16000,general,zero_grad_percentage,_module.layers.0.weight,0.9387167692184448
16000,general,zero_grad_percentage,_module.layers.1.weight,0.0
16000,general,zero_grad_percentage,_module.layers.2.weight,0.8761062026023865
16000,train,zero_terms,,0.31682005091051496
16000,train,softmax_collapse,,0.998433530330658
16500,train,loss,,0.0030536651611328125
16500,test,loss,,64.125
16500,train,accuracy,,1.0
16500,test,accuracy,,0.0005220569042025581
16500,general,weights_l2,_module.layers.0.weight,239.12525939941406
16500,general,weights_l2,_module.layers.1.weight,167.95216369628906
16500,general,weights_l2,_module.layers.2.weight,71.30931854248047
16500,general,grad_l2_norm,_module.layers.0.weight,0.03571248799562454
16500,general,grad_l2_norm,_module.layers.1.weight,0.09303015470504761
16500,general,grad_l2_norm,_module.layers.2.weight,3.1114492416381836
16500,general,grad_cosine_similarity,_module.layers.0.weight,-0.0034312994685024023
16500,general,grad_cosine_similarity,_module.layers.1.weight,-0.001875404268503189
16500,general,grad_cosine_similarity,_module.layers.2.weight,-0.00013206677976995707
16500,general,abs_grad_l1_norm,_module.layers.0.weight,2.1344003677368164
16500,general,abs_grad_l1_norm,_module.layers.1.weight,14.936173439025879
16500,general,abs_grad_l1_norm,_module.layers.2.weight,182.48004150390625
16500,general,zero_grad_percentage,_module.layers.0.weight,0.8656637072563171
16500,general,zero_grad_percentage,_module.layers.1.weight,0.0
16500,general,zero_grad_percentage,_module.layers.2.weight,0.6902654767036438
16500,train,zero_terms,,0.3185823379674956
16500,train,softmax_collapse,,0.9962795972824097
17000,train,loss,,0.05072021484375
17000,test,loss,,65.0625
17000,train,accuracy,,0.9915801840610926
17000,test,accuracy,,0.00039154267815191856
17000,general,weights_l2,_module.layers.0.weight,239.5609893798828
17000,general,weights_l2,_module.layers.1.weight,168.04354858398438
17000,general,weights_l2,_module.layers.2.weight,71.32836151123047
17000,general,grad_l2_norm,_module.layers.0.weight,0.1054236888885498
17000,general,grad_l2_norm,_module.layers.1.weight,0.6952487230300903
17000,general,grad_l2_norm,_module.layers.2.weight,29.098737716674805
17000,general,grad_cosine_similarity,_module.layers.0.weight,-0.0061316764913499355
17000,general,grad_cosine_similarity,_module.layers.1.weight,-0.001325475168414414
17000,general,grad_cosine_similarity,_module.layers.2.weight,-7.460986671503633e-05
17000,general,abs_grad_l1_norm,_module.layers.0.weight,14.039511680603027
17000,general,abs_grad_l1_norm,_module.layers.1.weight,112.03974914550781
17000,general,abs_grad_l1_norm,_module.layers.2.weight,1512.2462158203125
17000,general,zero_grad_percentage,_module.layers.0.weight,0.32986724376678467
17000,general,zero_grad_percentage,_module.layers.1.weight,0.0
17000,general,zero_grad_percentage,_module.layers.2.weight,0.12389380484819412
17000,train,zero_terms,,0.2931270804777756
17000,train,softmax_collapse,,0.9725866317749023
17500,train,loss,,0.05322265625
17500,test,loss,,66.0625
17500,train,accuracy,,0.9998041903270022
17500,test,accuracy,,0.00039154267815191856
17500,general,weights_l2,_module.layers.0.weight,240.04151916503906
17500,general,weights_l2,_module.layers.1.weight,168.1376495361328
17500,general,weights_l2,_module.layers.2.weight,71.35172271728516
17500,general,grad_l2_norm,_module.layers.0.weight,0.15339386463165283
17500,general,grad_l2_norm,_module.layers.1.weight,0.8605979681015015
17500,general,grad_l2_norm,_module.layers.2.weight,37.94460678100586
17500,general,grad_cosine_similarity,_module.layers.0.weight,-0.010395965538918972
17500,general,grad_cosine_similarity,_module.layers.1.weight,-0.0026454145554453135
17500,general,grad_cosine_similarity,_module.layers.2.weight,-0.00014138504047878087
17500,general,abs_grad_l1_norm,_module.layers.0.weight,23.286598205566406
17500,general,abs_grad_l1_norm,_module.layers.1.weight,137.59719848632812
17500,general,abs_grad_l1_norm,_module.layers.2.weight,2972.3046875
17500,general,zero_grad_percentage,_module.layers.0.weight,0.10966814309358597
17500,general,zero_grad_percentage,_module.layers.1.weight,0.0
17500,general,zero_grad_percentage,_module.layers.2.weight,0.06194690242409706
17500,train,zero_terms,,0.2590561973761504
17500,train,softmax_collapse,,0.9359702467918396
18000,train,loss,,0.09979248046875
18000,test,loss,,66.125
18000,train,accuracy,,0.9906011356961034
18000,test,accuracy,,0.0009135995823544767
18000,general,weights_l2,_module.layers.0.weight,240.4435577392578
18000,general,weights_l2,_module.layers.1.weight,168.21730041503906
18000,general,weights_l2,_module.layers.2.weight,71.37834167480469
18000,general,grad_l2_norm,_module.layers.0.weight,0.18190313875675201
18000,general,grad_l2_norm,_module.layers.1.weight,1.2764391899108887
18000,general,grad_l2_norm,_module.layers.2.weight,49.874855041503906
18000,general,grad_cosine_similarity,_module.layers.0.weight,-0.008864623494446278
18000,general,grad_cosine_similarity,_module.layers.1.weight,-0.0018056894186884165
18000,general,grad_cosine_similarity,_module.layers.2.weight,-0.00010890974954236299
18000,general,abs_grad_l1_norm,_module.layers.0.weight,27.897438049316406
18000,general,abs_grad_l1_norm,_module.layers.1.weight,203.16976928710938
18000,general,abs_grad_l1_norm,_module.layers.2.weight,3433.97216796875
18000,general,zero_grad_percentage,_module.layers.0.weight,0.09276548773050308
18000,general,zero_grad_percentage,_module.layers.1.weight,0.0
18000,general,zero_grad_percentage,_module.layers.2.weight,0.02654867246747017
18000,train,zero_terms,,0.29919718034070886
18000,train,softmax_collapse,,0.9324456453323364
18500,train,loss,,0.00067901611328125
18500,test,loss,,65.8125
18500,train,accuracy,,1.0
18500,test,accuracy,,0.00039154267815191856
18500,general,weights_l2,_module.layers.0.weight,240.9097137451172
18500,general,weights_l2,_module.layers.1.weight,168.30181884765625
18500,general,weights_l2,_module.layers.2.weight,71.4067153930664
18500,general,grad_l2_norm,_module.layers.0.weight,0.018100617453455925
18500,general,grad_l2_norm,_module.layers.1.weight,0.03414146229624748
18500,general,grad_l2_norm,_module.layers.2.weight,1.0723618268966675
18500,general,grad_cosine_similarity,_module.layers.0.weight,-0.0016102686058729887
18500,general,grad_cosine_similarity,_module.layers.1.weight,-0.0012220125645399094
18500,general,grad_cosine_similarity,_module.layers.2.weight,-9.169796976493672e-05
18500,general,abs_grad_l1_norm,_module.layers.0.weight,0.5870026350021362
18500,general,abs_grad_l1_norm,_module.layers.1.weight,5.3974504470825195
18500,general,abs_grad_l1_norm,_module.layers.2.weight,43.77864074707031
18500,general,zero_grad_percentage,_module.layers.0.weight,0.962079644203186
18500,general,zero_grad_percentage,_module.layers.1.weight,0.0
18500,general,zero_grad_percentage,_module.layers.2.weight,0.9203539490699768
18500,train,zero_terms,,0.3763461915018602
18500,train,softmax_collapse,,0.9990209341049194
19000,train,loss,,0.030609130859375
19000,test,loss,,66.9375
19000,train,accuracy,,0.9994125709810064
19000,test,accuracy,,0.0006525711302531976
19000,general,weights_l2,_module.layers.0.weight,241.22445678710938
19000,general,weights_l2,_module.layers.1.weight,168.3596649169922
19000,general,weights_l2,_module.layers.2.weight,71.42828369140625
19000,general,grad_l2_norm,_module.layers.0.weight,0.1221703365445137
19000,general,grad_l2_norm,_module.layers.1.weight,0.7907315492630005
19000,general,grad_l2_norm,_module.layers.2.weight,31.545305252075195
19000,general,grad_cosine_similarity,_module.layers.0.weight,-0.0075183045119047165
19000,general,grad_cosine_similarity,_module.layers.1.weight,-0.001664330717176199
19000,general,grad_cosine_similarity,_module.layers.2.weight,-9.83324134722352e-05
19000,general,abs_grad_l1_norm,_module.layers.0.weight,16.24370574951172
19000,general,abs_grad_l1_norm,_module.layers.1.weight,133.12652587890625
19000,general,abs_grad_l1_norm,_module.layers.2.weight,1682.0565185546875
19000,general,zero_grad_percentage,_module.layers.0.weight,0.2788937985897064
19000,general,zero_grad_percentage,_module.layers.1.weight,0.0
19000,general,zero_grad_percentage,_module.layers.2.weight,0.21238937973976135
19000,train,zero_terms,,0.3326806344233405
19000,train,softmax_collapse,,0.9624045491218567
19500,train,loss,,0.0333251953125
19500,test,loss,,67.25
19500,train,accuracy,,0.9996083806540043
19500,test,accuracy,,0.0010441138084051162
19500,general,weights_l2,_module.layers.0.weight,241.5870819091797
19500,general,weights_l2,_module.layers.1.weight,168.43128967285156
19500,general,weights_l2,_module.layers.2.weight,71.44758605957031
19500,general,grad_l2_norm,_module.layers.0.weight,0.1229015588760376
19500,general,grad_l2_norm,_module.layers.1.weight,0.6928010582923889
19500,general,grad_l2_norm,_module.layers.2.weight,24.88505744934082
19500,general,grad_cosine_similarity,_module.layers.0.weight,-0.008046510629355907
19500,general,grad_cosine_similarity,_module.layers.1.weight,-0.00204742350615561
19500,general,grad_cosine_similarity,_module.layers.2.weight,-0.00013437485904432833
19500,general,abs_grad_l1_norm,_module.layers.0.weight,17.190139770507812
19500,general,abs_grad_l1_norm,_module.layers.1.weight,110.94406127929688
19500,general,abs_grad_l1_norm,_module.layers.2.weight,1767.0108642578125
19500,general,zero_grad_percentage,_module.layers.0.weight,0.22705751657485962
19500,general,zero_grad_percentage,_module.layers.1.weight,0.0
19500,general,zero_grad_percentage,_module.layers.2.weight,0.14159291982650757
19500,train,zero_terms,,0.3403172116702565
19500,train,softmax_collapse,,0.9629919528961182
